{
"type": "FeatureCollection",
"name": "Point_Sistem_Jaringan_Prasarana_Lain",
"crs": { "type": "name", "properties": { "name": "urn:ogc:def:crs:OGC:1.3:CRS84" } },
"features": [
{ "type": "Feature", "properties": { "OBJECTID": 1, "NAMOBJ": "Sistem Jaringan Persampahan", "ORDE01": 16040000, "ORDE02": 16040000, "ORDE03": 16040000, "ORDE04": 16040000, "JNSRSR": 46000000, "STSJRN": 1, "WADMPR": "Provinsi Sulawesi Selatan", "REMARK": "TPA Regional Mamminasata", "SBDATA": "RTR Mamminasata PERPRES Nomor 55 Tahun 2011" }, "geometry": { "type": "Point", "coordinates": [ 119.592550342999971, -5.181149353000023, 0.0 ] } },
{ "type": "Feature", "properties": { "OBJECTID": 2, "NAMOBJ": "Infrastruktur Sistem Pengelolaan Air Limbah (SPAL)", "ORDE01": 16020000, "ORDE02": 16020000, "ORDE03": 16020000, "ORDE04": 16020000, "JNSRSR": 46000000, "STSJRN": 1, "WADMPR": "Provinsi Sulawesi Selatan", "REMARK": "SPAL Parepare", "SBDATA": "Analisis Perencanaan, 2019" }, "geometry": { "type": "Point", "coordinates": [ 119.664818352679958, -3.977794672714992, 0.0 ] } },
{ "type": "Feature", "properties": { "OBJECTID": 3, "NAMOBJ": "Infrastruktur Sistem Pengelolaan Air Limbah (SPAL)", "ORDE01": 16020000, "ORDE02": 16020000, "ORDE03": 16020000, "ORDE04": 16020000, "JNSRSR": 46000000, "STSJRN": 1, "WADMPR": "Provinsi Sulawesi Selatan", "REMARK": "SPAL Toraja", "SBDATA": "Analisis Perencanaan, 2019" }, "geometry": { "type": "Point", "coordinates": [ 119.869953384000041, -3.030641606000017, 0.0 ] } },
{ "type": "Feature", "properties": { "OBJECTID": 4, "NAMOBJ": "Infrastruktur Sistem Pengelolaan Air Limbah (SPAL)", "ORDE01": 16020000, "ORDE02": 16020000, "ORDE03": 16020000, "ORDE04": 16020000, "JNSRSR": 46000000, "STSJRN": 1, "WADMPR": "Provinsi Sulawesi Selatan", "REMARK": "SPAL Palopo", "SBDATA": "Analisis Perencanaan, 2019" }, "geometry": { "type": "Point", "coordinates": [ 120.191762347432473, -2.911134782087515, 0.0 ] } },
{ "type": "Feature", "properties": { "OBJECTID": 5, "NAMOBJ": "Infrastruktur Sistem Pengelolaan Air Limbah (SPAL)", "ORDE01": 16020000, "ORDE02": 16020000, "ORDE03": 16020000, "ORDE04": 16020000, "JNSRSR": 46000000, "STSJRN": 1, "WADMPR": "Provinsi Sulawesi Selatan", "REMARK": "SPAL Watampone", "SBDATA": "Analisis Perencanaan, 2019" }, "geometry": { "type": "Point", "coordinates": [ 120.24973039300005, -4.27375493, 0.0 ] } },
{ "type": "Feature", "properties": { "OBJECTID": 6, "NAMOBJ": "Infrastruktur Sistem Pengelolaan Air Limbah (SPAL)", "ORDE01": 16020000, "ORDE02": 16020000, "ORDE03": 16020000, "ORDE04": 16020000, "JNSRSR": 46000000, "STSJRN": 1, "WADMPR": "Provinsi Sulawesi Selatan", "REMARK": "SPAL Bulukumba", "SBDATA": "Analisis Perencanaan, 2019" }, "geometry": { "type": "Point", "coordinates": [ 120.185507285860012, -5.505480167029987, 0.0 ] } },
{ "type": "Feature", "properties": { "OBJECTID": 7, "NAMOBJ": "Sistem Pengelolaan Limbah Bahan Berbahaya dan Beracun (B3)", "ORDE01": 16030000, "ORDE02": 16030000, "ORDE03": 16030000, "ORDE04": 16030000, "JNSRSR": 46000000, "STSJRN": 1, "WADMPR": "Provinsi Sulawesi Selatan", "REMARK": "Limbah B3 Mamminasata", "SBDATA": "Analisis Perencanaan, 2019" }, "geometry": { "type": "Point", "coordinates": [ 119.597592439999971, -5.185671090000028, 0.0 ] } },
{ "type": "Feature", "properties": { "OBJECTID": 8, "NAMOBJ": "Infrastruktur Sistem Penyediaan Air Minum (SPAM)", "ORDE01": 16010000, "ORDE02": 16010000, "ORDE03": 16010000, "ORDE04": 16010000, "JNSRSR": 46000000, "STSJRN": 1, "WADMPR": "Provinsi Sulawesi Selatan", "REMARK": "SPAM Kawasan Parepare", "SBDATA": "Analisis Perencanaan, 2019" }, "geometry": { "type": "Point", "coordinates": [ 119.944653189872497, -3.753155065092528, 0.0 ] } },
{ "type": "Feature", "properties": { "OBJECTID": 9, "NAMOBJ": "Infrastruktur Sistem Penyediaan Air Minum (SPAM)", "ORDE01": 16010000, "ORDE02": 16010000, "ORDE03": 16010000, "ORDE04": 16010000, "JNSRSR": 46000000, "STSJRN": 2, "WADMPR": "Provinsi Sulawesi Selatan", "REMARK": "SPAM Mamminasata", "SBDATA": "RTR Mamminasata PERPRES Nomor 55 Tahun 2011" }, "geometry": { "type": "Point", "coordinates": [ 119.471143371000039, -5.214068352000027, 0.0 ] } },
{ "type": "Feature", "properties": { "OBJECTID": 10, "NAMOBJ": "Infrastruktur Sistem Penyediaan Air Minum (SPAM)", "ORDE01": 16010000, "ORDE02": 16010000, "ORDE03": 16010000, "ORDE04": 16010000, "JNSRSR": 46000000, "STSJRN": 1, "WADMPR": "Provinsi Sulawesi Selatan", "REMARK": "SPAM Kawasan Watampone", "SBDATA": "Analisis Perencanaan, 2019" }, "geometry": { "type": "Point", "coordinates": [ 120.080010187004973, -3.902984570702472, 0.0 ] } },
{ "type": "Feature", "properties": { "OBJECTID": 11, "NAMOBJ": "Infrastruktur Sistem Penyediaan Air Minum (SPAM)", "ORDE01": 16010000, "ORDE02": 16010000, "ORDE03": 16010000, "ORDE04": 16010000, "JNSRSR": 46000000, "STSJRN": 1, "WADMPR": "Provinsi Sulawesi Selatan", "REMARK": "SPAM Kawasan Palopo", "SBDATA": "Analisis Perencanaan, 2019" }, "geometry": { "type": "Point", "coordinates": [ 120.10312624363246, -2.621839978832497, 0.0 ] } },
{ "type": "Feature", "properties": { "OBJECTID": 12, "NAMOBJ": "Infrastruktur Sistem Penyediaan Air Minum (SPAM)", "ORDE01": 16010000, "ORDE02": 16010000, "ORDE03": 16010000, "ORDE04": 16010000, "JNSRSR": 46000000, "STSJRN": 1, "WADMPR": "Provinsi Sulawesi Selatan", "REMARK": "SPAM Kawasan Toraja", "SBDATA": "Analisis Perencanaan, 2019" }, "geometry": { "type": "Point", "coordinates": [ 119.89049536839002, -2.858395108702496, 0.0 ] } },
{ "type": "Feature", "properties": { "OBJECTID": 13, "NAMOBJ": "Infrastruktur Sistem Penyediaan Air Minum (SPAM)", "ORDE01": 16010000, "ORDE02": 16010000, "ORDE03": 16010000, "ORDE04": 16010000, "JNSRSR": 46000000, "STSJRN": 1, "WADMPR": "Provinsi Sulawesi Selatan", "REMARK": "SPAM Kawasan Bulukumba", "SBDATA": "Analisis Perencanaan, 2019" }, "geometry": { "type": "Point", "coordinates": [ 120.03424422850253, -5.409750375592523, 0.0 ] } },
{ "type": "Feature", "properties": { "OBJECTID": 14, "NAMOBJ": "Sistem Pengelolaan Limbah Bahan Berbahaya dan Beracun (B3)", "ORDE01": 16030000, "ORDE02": 16030000, "ORDE03": 16030000, "ORDE04": 16030000, "JNSRSR": 46000000, "STSJRN": 1, "WADMPR": "Provinsi Sulawesi Selatan", "REMARK": "Limbah B3 Parepare", "SBDATA": "Analisis Perencanaan, 2019" }, "geometry": { "type": "Point", "coordinates": [ 119.666365002795033, -3.978713144442509, 0.0 ] } },
{ "type": "Feature", "properties": { "OBJECTID": 15, "NAMOBJ": "Sistem Pengelolaan Limbah Bahan Berbahaya dan Beracun (B3)", "ORDE01": 16030000, "ORDE02": 16030000, "ORDE03": 16030000, "ORDE04": 16030000, "JNSRSR": 46000000, "STSJRN": 1, "WADMPR": "Provinsi Sulawesi Selatan", "REMARK": "Limbah B3 Watampone", "SBDATA": "Analisis Perencanaan, 2019" }, "geometry": { "type": "Point", "coordinates": [ 120.316189663760042, -4.567011228485001, 0.0 ] } },
{ "type": "Feature", "properties": { "OBJECTID": 16, "NAMOBJ": "Sistem Pengelolaan Limbah Bahan Berbahaya dan Beracun (B3)", "ORDE01": 16030000, "ORDE02": 16030000, "ORDE03": 16030000, "ORDE04": 16030000, "JNSRSR": 46000000, "STSJRN": 1, "WADMPR": "Provinsi Sulawesi Selatan", "REMARK": "Limbah B3 Palopo", "SBDATA": "Analisis Perencanaan, 2019" }, "geometry": { "type": "Point", "coordinates": [ 120.192808328829983, -2.910248114334991, 0.0 ] } },
{ "type": "Feature", "properties": { "OBJECTID": 17, "NAMOBJ": "Sistem Pengelolaan Limbah Bahan Berbahaya dan Beracun (B3)", "ORDE01": 16030000, "ORDE02": 16030000, "ORDE03": 16030000, "ORDE04": 16030000, "JNSRSR": 46000000, "STSJRN": 1, "WADMPR": "Provinsi Sulawesi Selatan", "REMARK": "Limbah B3 Toraja", "SBDATA": "Analisis Perencanaan, 2019" }, "geometry": { "type": "Point", "coordinates": [ 119.832871069617454, -3.065134369587497, 0.0 ] } },
{ "type": "Feature", "properties": { "OBJECTID": 18, "NAMOBJ": "Sistem Pengelolaan Limbah Bahan Berbahaya dan Beracun (B3)", "ORDE01": 16030000, "ORDE02": 16030000, "ORDE03": 16030000, "ORDE04": 16030000, "JNSRSR": 46000000, "STSJRN": 1, "WADMPR": "Provinsi Sulawesi Selatan", "REMARK": "Limbah B3 Bulukumba", "SBDATA": "Analisis Perencanaan, 2019" }, "geometry": { "type": "Point", "coordinates": [ 120.185507285860012, -5.505480167027486, 0.0 ] } },
{ "type": "Feature", "properties": { "OBJECTID": 19, "NAMOBJ": "Sistem Jaringan Persampahan", "ORDE01": 16040000, "ORDE02": 16040000, "ORDE03": 16040000, "ORDE04": 16040000, "JNSRSR": 46000000, "STSJRN": 1, "WADMPR": "Provinsi Sulawesi Selatan", "REMARK": "TPA Regional Parepare", "SBDATA": "Analisis Perencanaan, 2019" }, "geometry": { "type": "Point", "coordinates": [ 119.667111582479947, -3.97761183470999, 0.0 ] } },
{ "type": "Feature", "properties": { "OBJECTID": 20, "NAMOBJ": "Sistem Jaringan Persampahan", "ORDE01": 16040000, "ORDE02": 16040000, "ORDE03": 16040000, "ORDE04": 16040000, "JNSRSR": 46000000, "STSJRN": 1, "WADMPR": "Provinsi Sulawesi Selatan", "REMARK": "TPA Regional Watampone", "SBDATA": "Analisis Perencanaan, 2019" }, "geometry": { "type": "Point", "coordinates": [ 120.318601866149947, -4.560377671914978, 0.0 ] } },
{ "type": "Feature", "properties": { "OBJECTID": 21, "NAMOBJ": "Sistem Jaringan Persampahan", "ORDE01": 16040000, "ORDE02": 16040000, "ORDE03": 16040000, "ORDE04": 16040000, "JNSRSR": 46000000, "STSJRN": 1, "WADMPR": "Provinsi Sulawesi Selatan", "REMARK": "TPA Regional Palopo", "SBDATA": "Analisis Perencanaan, 2019" }, "geometry": { "type": "Point", "coordinates": [ 120.190546889090001, -2.911001927582504, 0.0 ] } },
{ "type": "Feature", "properties": { "OBJECTID": 22, "NAMOBJ": "Sistem Jaringan Persampahan", "ORDE01": 16040000, "ORDE02": 16040000, "ORDE03": 16040000, "ORDE04": 16040000, "JNSRSR": 46000000, "STSJRN": 1, "WADMPR": "Provinsi Sulawesi Selatan", "REMARK": "TPA Regional Toraja", "SBDATA": "Analisis Perencanaan, 2019" }, "geometry": { "type": "Point", "coordinates": [ 119.833784211572492, -3.065091920002487, 0.0 ] } },
{ "type": "Feature", "properties": { "OBJECTID": 23, "NAMOBJ": "Sistem Jaringan Persampahan", "ORDE01": 16040000, "ORDE02": 16040000, "ORDE03": 16040000, "ORDE04": 16040000, "JNSRSR": 46000000, "STSJRN": 1, "WADMPR": "Provinsi Sulawesi Selatan", "REMARK": "TPA Regional Bulukumba", "SBDATA": "Analisis Perencanaan, 2019" }, "geometry": { "type": "Point", "coordinates": [ 120.185292563299981, -5.504785745127492, 0.0 ] } }
]
}
